Date,weighted_positive_score,weighted_neutral_score,weighted_negative_score,total,is_missing_value,Open,High,Low,Close,Adj Close,Volume,market_value
2021-02-05,0.2993471542061866,0.6027283127170935,0.0979245330767199,7705495.0,0,56.01080322265625,68.46395874023438,56.01080322265625,67.84556579589844,67.84556579589844,1431595319,61.928184509277344
2021-02-06,0.3588407460704414,0.5657350828342242,0.0754241710953343,16580043.0,0,67.8546371459961,75.4018783569336,62.208126068115234,72.73359680175781,72.73359680175781,2114553792,70.29411697387695
2021-02-07,0.3789463517827564,0.3959089705044227,0.2251446777128208,12031397.0,0,72.86821746826172,74.612548828125,64.49789428710938,68.59052276611328,68.59052276611328,1493688265,70.7293701171875
2021-02-08,0.5093237270841847,0.3908790542917623,0.0997972186240529,48100078.0,0,68.52555847167969,79.83154296875,67.85923767089844,79.83154296875,79.83154296875,2133574291,74.17855072021484
2021-02-09,0.5714241161093832,0.2775345706884237,0.1510413132021932,31872015.0,0,79.80702209472656,115.13184356689453,78.44632720947266,107.89927673339844,107.89927673339844,4425849540,93.8531494140625
2021-02-10,0.5382057350550525,0.3394759095297935,0.1223183554151539,19512280.0,0,107.70855712890625,148.07476806640625,107.70855712890625,129.73715209960938,129.73715209960938,7000323240,118.72285461425781
2021-02-11,0.2908283745674961,0.4501746057943454,0.2374212692553625,72051515.5,1,129.30523681640625,131.5356903076172,119.09626007080078,124.43425750732422,124.43425750732422,2809765027,126.86974716186523
2021-02-12,0.2908283745674961,0.4501746057943454,0.2374212692553625,72051515.5,1,124.15943145751953,140.2431640625,121.72706604003906,136.94839477539062,136.94839477539062,2981627650,130.55391311645508
2021-02-13,0.2427629256137293,0.670931322599259,0.0863057517870116,18395935.0,0,136.92799377441406,138.4705352783203,125.72859954833984,133.4526824951172,133.4526824951172,2116751635,135.19033813476562
2021-02-14,0.2953215352714633,0.5261537491520789,0.1785247155764577,15828419.0,0,133.47377014160156,138.7567596435547,128.73171997070312,136.426513671875,136.426513671875,2312597445,134.95014190673828
2021-02-15,0.3332703108363914,0.4382588481563594,0.2284708410072491,14835972.0,0,136.2767791748047,139.21975708007812,119.7349853515625,129.56788635253906,129.56788635253906,2414986848,132.92233276367188
2021-02-16,0.2908283745674961,0.4501746057943454,0.2374212692553625,72051515.5,1,129.7397918701172,133.28060913085938,126.79663848876953,130.05665588378906,130.05665588378906,1925775294,129.89822387695312
2021-02-17,0.2908283745674961,0.4501746057943454,0.2374212692553625,72051515.5,1,130.08013916015625,175.11614990234375,127.09211730957031,164.67010498046875,164.67010498046875,5236224271,147.3751220703125
2021-02-18,0.4835535538851903,0.3989673636534872,0.1174790824613224,15061643.0,0,165.01882934570312,199.45562744140625,163.27488708496094,195.93263244628906,195.93263244628906,6110987389,180.4757308959961
2021-02-19,0.455082787808822,0.4208270645082703,0.1240901476829076,26450996.0,0,195.98785400390625,342.8796081542969,195.3857421875,332.61602783203125,332.61602783203125,17982945189,264.30194091796875
2021-02-20,0.2908283745674961,0.4501746057943454,0.2374212692553625,72051515.5,1,332.91845703125,334.4550476074219,227.91375732421875,255.9537353515625,255.9537353515625,9680520706,294.43609619140625
2021-02-21,0.2908283745674961,0.4501746057943454,0.2374212692553625,72051515.5,1,254.53927612304688,307.5881042480469,250.5408172607422,293.923583984375,293.923583984375,8505963719,274.23143005371094
2021-02-22,0.4692183578518574,0.4134837084622718,0.1172979336858708,23550969.0,0,294.61236572265625,295.47857666015625,223.0193634033203,267.5097961425781,267.5097961425781,7885768925,281.0610809326172
2021-02-23,0.2908283745674961,0.4501746057943454,0.2374212692553625,72051515.5,1,267.3644104003906,268.5368347167969,190.41246032714844,230.99424743652344,230.99424743652344,8280752930,249.17932891845703
2021-02-24,0.2908283745674961,0.4501746057943454,0.2374212692553625,72051515.5,1,231.12159729003906,280.08819580078125,214.52471923828125,254.359130859375,254.359130859375,7154121651,242.74036407470703
2021-02-25,0.2908283745674961,0.4501746057943454,0.2374212692553625,72051515.5,1,254.4676055908203,264.70513916015625,233.88595581054688,233.88595581054688,233.88595581054688,4059853073,244.1767807006836
2021-02-26,0.2908283745674961,0.4501746057943454,0.2374212692553625,72051515.5,1,235.27029418945312,238.7550048828125,210.31076049804688,221.68043518066406,221.68043518066406,4167145958,228.4753646850586
2021-02-27,0.2908283745674961,0.4501746057943454,0.2374212692553625,72051515.5,1,221.9809112548828,237.17942810058594,220.09939575195312,225.2494354248047,225.2494354248047,2755271254,223.61517333984375
2021-02-28,0.4661632881479849,0.4160820349150637,0.1177546769369514,9254401.0,0,225.44593811035156,228.1730499267578,195.85267639160156,209.57440185546875,209.57440185546875,3129699003,217.51016998291016
2021-03-01,0.2908283745674961,0.4501746057943454,0.2374212692553625,72051515.5,1,209.95130920410156,259.4910583496094,209.95130920410156,254.6299285888672,254.6299285888672,5008256561,232.29061889648438
2021-03-02,0.2908283745674961,0.4501746057943454,0.2374212692553625,72051515.5,1,254.95335388183594,264.1693115234375,228.6416473388672,239.5225372314453,239.5225372314453,5882262804,247.23794555664062
2021-03-03,0.2908283745674961,0.4501746057943454,0.2374212692553625,72051515.5,1,239.68898010253906,254.25363159179688,236.90875244140625,241.09136962890625,241.09136962890625,5827707431,240.39017486572266
2021-03-04,0.2908283745674961,0.4501746057943454,0.2374212692553625,72051515.5,1,241.0454864501953,249.46560668945312,226.08494567871094,229.945068359375,229.945068359375,5580339595,235.49527740478516
2021-03-05,0.2908283745674961,0.4501746057943454,0.2374212692553625,72051515.5,1,229.83529663085938,230.36663818359375,216.27261352539062,226.37255859375,226.37255859375,4969642573,228.1039276123047
2021-03-06,0.2908283745674961,0.4501746057943454,0.2374212692553625,72051515.5,1,226.19776916503906,232.09889221191406,220.0750732421875,226.66685485839844,226.66685485839844,4489684331,226.43231201171875
2021-03-07,0.2908283745674961,0.4501746057943454,0.2374212692553625,72051515.5,1,226.67274475097656,243.34312438964844,225.54637145996094,240.17921447753906,240.17921447753906,5081569247,233.4259796142578
2021-03-08,0.2908283745674961,0.4501746057943454,0.2374212692553625,72051515.5,1,240.17958068847656,242.68826293945312,229.4411163330078,240.31866455078125,240.31866455078125,5016770824,240.2491226196289
2021-03-09,0.2908283745674961,0.4501746057943454,0.2374212692553625,72051515.5,1,240.39547729492188,296.65863037109375,236.0502471923828,293.4632263183594,293.4632263183594,8676266998,266.9293518066406
2021-03-10,0.2908283745674961,0.4501746057943454,0.2374212692553625,72051515.5,1,293.42388916015625,295.07061767578125,268.5784912109375,279.3580322265625,279.3580322265625,4544623650,286.3909606933594
2021-03-11,0.0943450191098081,0.7846830908759604,0.1209718900142314,1300641.0,0,278.50909423828125,313.1101379394531,273.3779296875,289.7908020019531,289.7908020019531,4676132222,284.1499481201172
2021-03-12,0.4900850514903831,0.4273260246532358,0.0825889238563811,16611937.0,0,289.9991149902344,290.0347595214844,253.9466552734375,263.6858215332031,263.6858215332031,3960814749,276.84246826171875
2021-03-13,0.2908283745674961,0.4501746057943454,0.2374212692553625,72051515.5,1,263.5920104980469,283.01361083984375,256.18896484375,276.1047058105469,276.1047058105469,2903774859,269.8483581542969
2021-03-14,0.2908283745674961,0.4501746057943454,0.2374212692553625,72051515.5,1,276.18572998046875,276.3712463378906,264.6367492675781,264.6367492675781,264.6367492675781,2044273970,270.41123962402344
2021-03-15,0.2908283745674961,0.4501746057943454,0.2374212692553625,72051515.5,1,264.0635070800781,267.2337341308594,250.61297607421875,254.66082763671875,254.66082763671875,2488528410,259.36216735839844
2021-03-16,0.2908283745674961,0.4501746057943454,0.2374212692553625,72051515.5,1,254.450439453125,258.8761291503906,242.18153381347656,258.1006774902344,258.1006774902344,2425543830,256.2755584716797
2021-03-17,0.2908283745674961,0.4501746057943454,0.2374212692553625,72051515.5,1,258.3858642578125,270.962890625,249.92892456054688,269.8548583984375,269.8548583984375,2271426252,264.120361328125
2021-03-18,0.2908283745674961,0.4501746057943454,0.2374212692553625,72051515.5,1,269.6378479003906,277.7722473144531,258.7264099121094,261.7048034667969,261.7048034667969,2445995134,265.67132568359375
2021-03-19,0.2908283745674961,0.4501746057943454,0.2374212692553625,72051515.5,1,261.63043212890625,269.2347106933594,256.2732849121094,264.05743408203125,264.05743408203125,1873443830,262.84393310546875
2021-03-20,0.2908283745674961,0.4501746057943454,0.2374212692553625,72051515.5,1,264.0921936035156,274.8731689453125,262.9725036621094,264.7416687011719,264.7416687011719,2004752539,264.41693115234375
2021-03-21,0.2908283745674961,0.4501746057943454,0.2374212692553625,72051515.5,1,264.9569396972656,268.878173828125,257.5182800292969,264.88616943359375,264.88616943359375,1718563711,264.9215545654297
2021-03-22,0.2908283745674961,0.4501746057943454,0.2374212692553625,72051515.5,1,265.0702819824219,276.96868896484375,255.2108612060547,255.9001922607422,255.9001922607422,2323911466,260.48523712158203
2021-03-23,0.2908283745674961,0.4501746057943454,0.2374212692553625,72051515.5,1,255.94509887695312,263.1492919921875,253.0116424560547,255.68966674804688,255.68966674804688,2010488139,255.8173828125
2021-03-24,0.2908283745674961,0.4501746057943454,0.2374212692553625,72051515.5,1,255.89430236816406,268.620849609375,243.22813415527344,249.85137939453125,249.85137939453125,2385752951,252.87284088134766
2021-03-25,0.2908283745674961,0.4501746057943454,0.2374212692553625,72051515.5,1,249.46591186523438,250.1392364501953,227.2940673828125,234.88543701171875,234.88543701171875,2314734091,242.17567443847656
2021-03-26,0.2908283745674961,0.4501746057943454,0.2374212692553625,72051515.5,1,234.7909393310547,255.1045684814453,234.7909393310547,255.1045684814453,255.1045684814453,2099285452,244.94775390625
2021-03-27,0.2908283745674961,0.4501746057943454,0.2374212692553625,72051515.5,1,255.11648559570312,275.5933837890625,250.4947967529297,269.1023254394531,269.1023254394531,2457659540,262.1094055175781
2021-03-28,0.2908283745674961,0.4501746057943454,0.2374212692553625,72051515.5,1,269.31072998046875,280.9924011230469,262.2886657714844,269.1912841796875,269.1912841796875,2527142069,269.2510070800781
2021-03-29,0.2908283745674961,0.4501746057943454,0.2374212692553625,72051515.5,1,268.9693908691406,277.47900390625,265.3678283691406,275.2146301269531,275.2146301269531,2067448661,272.0920104980469
2021-03-30,0.2908283745674961,0.4501746057943454,0.2374212692553625,72051515.5,1,275.2386474609375,311.4264831542969,271.57855224609375,311.4264831542969,311.4264831542969,4039620710,293.3325653076172
2021-03-31,0.2908283745674961,0.4501746057943454,0.2374212692553625,72051515.5,1,311.5514221191406,316.4865417480469,289.00927734375,302.0634460449219,302.0634460449219,3545493416,306.80743408203125
2021-04-01,0.2908283745674961,0.4501746057943454,0.2374212692553625,72051515.5,1,302.2454833984375,339.2091064453125,301.5886535644531,335.212890625,335.212890625,3718677616,318.72918701171875
2021-04-02,0.2908283745674961,0.4501746057943454,0.2374212692553625,72051515.5,1,335.0859680175781,356.78350830078125,329.7513732910156,339.0077209472656,339.0077209472656,3950524039,337.0468444824219
2021-04-03,0.2908283745674961,0.4501746057943454,0.2374212692553625,72051515.5,1,338.9091796875,349.6299133300781,319.19378662109375,323.1335144042969,323.1335144042969,2953164849,331.02134704589844
2021-04-04,0.2908283745674961,0.4501746057943454,0.2374212692553625,72051515.5,1,323.3548583984375,353.4342041015625,319.8490295410156,351.6243896484375,351.6243896484375,3200674446,337.4896240234375
2021-04-05,0.4125928098634634,0.5044967936694169,0.0829103964671196,7943660.0,0,351.2410583496094,381.029296875,339.4616394042969,367.7724914550781,367.7724914550781,4073047973,359.50677490234375
2021-04-06,0.2894568796120325,0.5315395889635313,0.1790035314244361,14042209.0,0,368.0990295410156,412.2567443847656,364.1296691894531,403.59075927734375,403.59075927734375,5277448222,385.8448944091797
2021-04-07,0.2591725164219133,0.5921060104105489,0.1487214731675377,15935567.0,0,403.69927978515625,414.357666015625,358.7438049316406,374.6588134765625,374.6588134765625,5976362849,389.1790466308594
2021-04-08,0.2991604225351655,0.5055739715186877,0.1952656059461467,18482154.0,0,376.2690124511719,422.4665832519531,372.5151672363281,418.03839111328125,418.03839111328125,4550316562,397.15370178222656
2021-04-09,0.2613709157509533,0.568420270766105,0.1702088134829416,13651561.0,0,418.0547180175781,453.69781494140625,405.443603515625,453.178466796875,453.178466796875,4701175013,435.61659240722656
2021-04-10,0.3409309589287712,0.4928256165816011,0.1662434244896276,19019056.0,0,454.3431701660156,487.27520751953125,451.35516357421875,472.5603332519531,472.5603332519531,6160670397,463.4517517089844
2021-04-11,0.2834709194890826,0.6128579852213617,0.1036710952895556,9123980.0,0,471.64642333984375,529.64501953125,459.5904235839844,525.3855590820312,525.3855590820312,5697422904,498.5159912109375
2021-04-12,0.4849070639874008,0.3900453512379602,0.1250475847746388,13357739.0,0,526.7017822265625,637.4423217773438,516.2792358398438,598.72265625,598.72265625,14436315725,562.7122192382812
2021-04-13,0.2908283745674961,0.4501746057943454,0.2374212692553625,72051515.5,1,596.9885864257812,602.2964477539062,532.9558715820312,549.5865478515625,549.5865478515625,9433830832,573.2875671386719
2021-04-14,0.2908283745674961,0.4501746057943454,0.2374212692553625,72051515.5,1,550.4014892578125,590.4174194335938,526.5343017578125,549.5918579101562,549.5918579101562,7452346448,549.9966735839844
2021-04-15,0.2908283745674961,0.4501746057943454,0.2374212692553625,72051515.5,1,550.413330078125,556.8338012695312,536.0784301757812,542.632080078125,542.632080078125,4608061831,546.522705078125
2021-04-16,0.2908283745674961,0.4501746057943454,0.2374212692553625,72051515.5,1,542.5736694335938,548.885009765625,493.0094909667969,510.2201843261719,510.2201843261719,6886285728,526.3969268798828
2021-04-17,0.1972261405672009,0.5491886559802712,0.2535852034525277,1013750.0,0,509.581298828125,548.6023559570312,509.0485534667969,520.416748046875,520.416748046875,5195399091,514.9990234375
2021-04-18,0.1747366413930472,0.5482587985697102,0.2770045600372425,17652926.0,0,520.5902709960938,526.0587768554688,429.0528869628906,481.03424072265625,481.03424072265625,6711806048,500.812255859375
2021-04-19,0.1639207507307963,0.5615960674788456,0.2744831817903581,20339115.0,0,481.3966979980469,539.7112426757812,469.15216064453125,505.0929260253906,505.0929260253906,7141301320,493.24481201171875
2021-04-20,0.2020747414222023,0.4515320269906723,0.3463932315871254,20689518.0,0,503.795166015625,588.0648193359375,475.59039306640625,587.0291137695312,587.0291137695312,9330924061,545.4121398925781
2021-04-21,0.2136987388079781,0.514186170504435,0.2721150906875868,20370649.0,0,586.9011840820312,612.6870727539062,537.349365234375,546.0235595703125,546.0235595703125,8456300946,566.4623718261719
2021-04-22,0.1967905217756467,0.5824782848903698,0.2207311933339834,20929321.0,0,544.0054931640625,582.0377197265625,481.2602233886719,506.01300048828125,506.01300048828125,8342960849,525.0092468261719
2021-04-23,0.2564291939168872,0.5022907457858663,0.2412800602972465,25473800.0,0,505.85888671875,530.074951171875,452.4355163574219,526.5652465820312,526.5652465820312,8893557870,516.2120666503906
2021-04-24,0.2388391238724727,0.5326480943105513,0.228512781816976,15516143.0,0,526.7583618164062,527.44091796875,483.9591369628906,496.4150695800781,496.4150695800781,4070234640,511.5867156982422
2021-04-25,0.2908283745674961,0.4501746057943454,0.2374212692553625,72051515.5,1,496.2568359375,517.0830078125,478.8894348144531,505.0770568847656,505.0770568847656,3419309603,500.6669464111328
2021-04-26,0.2908283745674961,0.4501746057943454,0.2374212692553625,72051515.5,1,504.7487487792969,549.9667358398438,502.31146240234375,534.5776977539062,534.5776977539062,4072866875,519.6632232666016
2021-04-27,0.2908283745674961,0.4501746057943454,0.2374212692553625,72051515.5,1,535.428466796875,578.6234741210938,525.7677612304688,568.4705200195312,568.4705200195312,4050720272,551.9494934082031
2021-04-28,0.2908283745674961,0.4501746057943454,0.2374212692553625,72051515.5,1,568.7456665039062,578.8881225585938,539.072509765625,562.632568359375,562.632568359375,3648784689,565.6891174316406
2021-04-29,0.2908283745674961,0.4501746057943454,0.2374212692553625,72051515.5,1,562.8735961914062,614.8241577148438,554.28466796875,599.70654296875,599.70654296875,6585918998,581.2900695800781
2021-04-30,0.2908283745674961,0.4501746057943454,0.2374212692553625,72051515.5,1,599.9884643554688,627.7774658203125,586.205810546875,624.08056640625,624.08056640625,5741358048,612.0345153808594
2021-05-01,0.2908283745674961,0.4501746057943454,0.2374212692553625,72051515.5,1,622.4692993164062,641.86083984375,611.302001953125,619.3472290039062,619.3472290039062,4065705136,620.9082641601562
2021-05-02,0.2908283745674961,0.4501746057943454,0.2374212692553625,72051515.5,1,619.9721069335938,628.6209716796875,595.8587646484375,622.1010131835938,622.1010131835938,3765184551,621.0365600585938
2021-05-03,0.2908283745674961,0.4501746057943454,0.2374212692553625,72051515.5,1,621.9027099609375,679.8150024414062,621.9027099609375,675.68408203125,675.68408203125,5274868721,648.7933959960938
2021-05-04,0.2908283745674961,0.4501746057943454,0.2374212692553625,72051515.5,1,676.31591796875,676.9168701171875,606.2677001953125,611.2003173828125,611.2003173828125,5728175230,643.7581176757812
2021-05-05,0.2908283745674961,0.4501746057943454,0.2374212692553625,72051515.5,1,609.3310546875,656.2369995117188,605.1661987304688,651.6627197265625,651.6627197265625,4248449283,630.4968872070312
2021-05-06,0.2908283745674961,0.4501746057943454,0.2374212692553625,72051515.5,1,651.0494995117188,653.412841796875,621.0661010742188,633.2803955078125,633.2803955078125,3975000211,642.1649475097656
2021-05-07,0.2908283745674961,0.4501746057943454,0.2374212692553625,72051515.5,1,634.0068969726562,644.12451171875,612.1624755859375,624.5632934570312,624.5632934570312,3658116306,629.2850952148438
2021-05-08,0.2908283745674961,0.4501746057943454,0.2374212692553625,72051515.5,1,624.3944091796875,657.5446166992188,618.8406982421875,646.100830078125,646.100830078125,3910931715,635.2476196289062
2021-05-09,0.2908283745674961,0.4501746057943454,0.2374212692553625,72051515.5,1,646.3121337890625,678.2283935546875,631.4652709960938,662.2285766601562,662.2285766601562,4321052943,654.2703552246094
2021-05-10,0.2908283745674961,0.4501746057943454,0.2374212692553625,72051515.5,1,661.4500122070312,690.9319458007812,596.1658935546875,631.3519897460938,631.3519897460938,5157435389,646.4010009765625
2021-05-11,0.2908283745674961,0.4501746057943454,0.2374212692553625,72051515.5,1,631.2406005859375,672.4594116210938,623.2498168945312,672.3339233398438,672.3339233398438,4865455319,651.7872619628906
2021-05-12,0.2908283745674961,0.4501746057943454,0.2374212692553625,72051515.5,1,671.7788696289062,684.1376953125,588.1851806640625,588.1851806640625,588.1851806640625,4311561442,629.9820251464844
2021-05-13,0.2908283745674961,0.4501746057943454,0.2374212692553625,72051515.5,1,592.95458984375,632.970703125,530.2382202148438,571.4345092773438,571.4345092773438,7417114170,582.1945495605469
2021-05-14,0.2908283745674961,0.4501746057943454,0.2374212692553625,72051515.5,1,570.9605102539062,614.4854125976562,567.0347290039062,603.1282958984375,603.1282958984375,3735474448,587.0444030761719
2021-05-15,0.2908283745674961,0.4501746057943454,0.2374212692553625,72051515.5,1,602.5543823242188,610.51416015625,561.1683959960938,563.0416870117188,563.0416870117188,3480395174,582.7980346679688
2021-05-16,0.2908283745674961,0.4501746057943454,0.2374212692553625,72051515.5,1,562.64892578125,606.00341796875,535.057373046875,562.829833984375,562.829833984375,4047395255,562.7393798828125
2021-05-17,0.2908283745674961,0.4501746057943454,0.2374212692553625,72051515.5,1,564.445556640625,564.445556640625,485.9970703125,511.9643859863281,511.9643859863281,5123430659,538.2049713134766
2021-05-18,0.2908283745674961,0.4501746057943454,0.2374212692553625,72051515.5,1,511.3919982910156,534.1778564453125,496.9785461425781,508.0223083496094,508.0223083496094,3548216902,509.7071533203125
2021-05-19,0.2908283745674961,0.4501746057943454,0.2374212692553625,72051515.5,1,508.86273193359375,515.716552734375,283.4537048339844,339.0254821777344,339.0254821777344,8779943654,423.94410705566406
2021-05-20,0.2908283745674961,0.4501746057943454,0.2374212692553625,72051515.5,1,335.5567321777344,424.29425048828125,286.0894470214844,393.6127624511719,393.6127624511719,7093839295,364.5847473144531
2021-05-21,0.2908283745674961,0.4501746057943454,0.2374212692553625,72051515.5,1,391.54156494140625,415.70672607421875,275.3926696777344,326.29632568359375,326.29632568359375,6291181865,358.9189453125
2021-05-22,0.2908283745674961,0.4501746057943454,0.2374212692553625,72051515.5,1,326.79779052734375,335.7347412109375,285.3534240722656,299.50408935546875,299.50408935546875,3871242832,313.15093994140625
2021-05-23,0.2908283745674961,0.4501746057943454,0.2374212692553625,72051515.5,1,300.0354309082031,313.525146484375,213.51646423339844,262.9456787109375,262.9456787109375,5336233746,281.4905548095703
2021-05-24,0.2908283745674961,0.4501746057943454,0.2374212692553625,72051515.5,1,261.1195373535156,350.2731018066406,258.6227111816406,345.30963134765625,345.30963134765625,6066277282,303.21458435058594
2021-05-25,0.1955965110252631,0.5398821570479716,0.2645213319267653,13602850.0,0,345.4898376464844,374.5971984863281,307.7294616699219,344.1139831542969,344.1139831542969,5656677341,344.8019104003906
2021-05-26,0.2688045877619943,0.5486594774968855,0.1825359347411202,25282567.0,0,343.531982421875,387.76519775390625,337.0569763183594,379.85430908203125,379.85430908203125,4502557689,361.6931457519531
2021-05-27,0.2290193126173395,0.5293809617529508,0.2415997256297096,17488774.0,0,379.6934814453125,387.4900817871094,340.8908386230469,367.6557922363281,367.6557922363281,3965850350,373.6746368408203
2021-05-28,0.2034518460519341,0.5701305164562351,0.2264176374918308,19119045.0,0,369.835693359375,373.313232421875,313.7230224609375,329.8799133300781,329.8799133300781,4482824807,349.85780334472656
2021-05-29,0.2007166856160488,0.5831693689468471,0.2161139454371039,15364617.0,0,328.9868469238281,346.9239501953125,296.57073974609375,305.0521545410156,305.0521545410156,3070017878,317.0195007324219
2021-05-30,0.2908283745674961,0.4501746057943454,0.2374212692553625,72051515.5,1,305.0425720214844,337.74237060546875,292.85235595703125,325.7840270996094,325.7840270996094,3246314973,315.4132995605469
2021-05-31,0.2908283745674961,0.4501746057943454,0.2374212692553625,72051515.5,1,325.8081359863281,355.9771423339844,307.94403076171875,354.329345703125,354.329345703125,3865691845,340.06874084472656
2021-06-01,0.2908283745674961,0.4501746057943454,0.2374212692553625,72051515.5,1,353.78253173828125,364.32012939453125,340.4742431640625,362.7946472167969,362.7946472167969,3425775257,358.28858947753906
2021-06-02,0.2908283745674961,0.4501746057943454,0.2374212692553625,72051515.5,1,362.3608703613281,418.6651306152344,350.956787109375,401.2623291015625,401.2623291015625,4486850584,381.8115997314453
2021-06-03,0.2908283745674961,0.4501746057943454,0.2374212692553625,72051515.5,1,401.7608337402344,432.30810546875,392.0331726074219,427.80792236328125,427.80792236328125,4370188399,414.7843780517578
2021-06-04,0.2908283745674961,0.4501746057943454,0.2374212692553625,72051515.5,1,428.1873779296875,428.4431457519531,366.27484130859375,391.39532470703125,391.39532470703125,4951450795,409.7913513183594
2021-06-05,0.2908283745674961,0.4501746057943454,0.2374212692553625,72051515.5,1,390.95880126953125,425.9027404785156,375.0675048828125,390.4318542480469,390.4318542480469,3956143113,390.69532775878906
2021-06-06,0.2908283745674961,0.4501746057943454,0.2374212692553625,72051515.5,1,390.2367248535156,400.0411682128906,382.344970703125,393.8202209472656,393.8202209472656,2101917655,392.0284729003906
2021-06-07,0.2908283745674961,0.4501746057943454,0.2374212692553625,72051515.5,1,393.6546630859375,407.37567138671875,355.9754638671875,357.3102111816406,357.3102111816406,2927240962,375.48243713378906
2021-06-08,0.2908283745674961,0.4501746057943454,0.2374212692553625,72051515.5,1,358.1654357910156,365.9231872558594,320.2380065917969,354.0013732910156,354.0013732910156,4491122307,356.0834045410156
2021-06-09,0.2908283745674961,0.4501746057943454,0.2374212692553625,72051515.5,1,352.76593017578125,378.7413635253906,334.4190979003906,375.73468017578125,375.73468017578125,3543408536,364.25030517578125
2021-06-10,0.2908283745674961,0.4501746057943454,0.2374212692553625,72051515.5,1,375.66900634765625,376.9501953125,345.5176696777344,352.1831970214844,352.1831970214844,2505012942,363.9261016845703
2021-06-11,0.2908283745674961,0.4501746057943454,0.2374212692553625,72051515.5,1,352.0848388671875,365.3039855957031,341.47735595703125,345.9336853027344,345.9336853027344,2269923678,349.00926208496094
2021-06-12,0.2908283745674961,0.4501746057943454,0.2374212692553625,72051515.5,1,345.9017028808594,348.8785705566406,325.8177185058594,343.74102783203125,343.74102783203125,2146761411,344.8213653564453
2021-06-13,0.2908283745674961,0.4501746057943454,0.2374212692553625,72051515.5,1,344.0428466796875,369.05804443359375,331.1119384765625,366.6489562988281,366.6489562988281,2171880359,355.3459014892578
2021-06-14,0.2908283745674961,0.4501746057943454,0.2374212692553625,72051515.5,1,365.75469970703125,377.0186462402344,355.3109436035156,368.7927551269531,368.7927551269531,2271215183,367.2737274169922
2021-06-15,0.2908283745674961,0.4501746057943454,0.2374212692553625,72051515.5,1,372.7368469238281,379.65985107421875,363.93499755859375,373.566162109375,373.566162109375,2246535807,373.15150451660156
2021-06-16,0.2908283745674961,0.4501746057943454,0.2374212692553625,72051515.5,1,366.8166198730469,366.8166198730469,343.6485595703125,347.033447265625,347.033447265625,1626149384,356.92503356933594
2021-06-17,0.2908283745674961,0.4501746057943454,0.2374212692553625,72051515.5,1,347.2123718261719,362.2593994140625,346.03753662109375,352.738525390625,352.738525390625,1379161855,349.97544860839844
2021-06-18,0.2908283745674961,0.4501746057943454,0.2374212692553625,72051515.5,1,353.01336669921875,357.07427978515625,328.0473327636719,336.8096923828125,336.8096923828125,1613940591,344.9115295410156
2021-06-19,0.2908283745674961,0.4501746057943454,0.2374212692553625,72051515.5,1,337.5522766113281,345.4595947265625,332.09649658203125,335.71282958984375,335.71282958984375,1140833816,336.63255310058594
2021-06-20,0.3682573128081274,0.318970570516655,0.3127721166752175,77643395.0,0,334.65093994140625,340.7895202636719,310.77587890625,340.06719970703125,340.06719970703125,1756674565,337.35906982421875
2021-06-21,0.3369488499835081,0.3245392685344515,0.3385118814820403,414426709.0,0,339.3266296386719,341.7993469238281,269.4336853027344,270.98443603515625,270.98443603515625,2911962314,305.15553283691406
2021-06-22,0.3080560934957668,0.3925781145282865,0.2993657919759467,551522981.0,0,270.79339599609375,291.0225830078125,226.29783630371094,261.8180847167969,261.8180847167969,4089344405,266.3057403564453
2021-06-23,0.3464202935037578,0.3310649237882356,0.3225147827080065,359486232.0,0,262.0581970214844,309.1264343261719,252.20314025878906,294.49029541015625,294.49029541015625,3170293549,278.2742462158203
2021-06-24,0.2908283745674961,0.4501746057943454,0.2374212692553625,72051515.5,1,296.2639465332031,316.1907653808594,281.9847106933594,308.39703369140625,308.39703369140625,2323626593,302.3304901123047
2021-06-25,0.2908283745674961,0.4501746057943454,0.2374212692553625,72051515.5,1,308.58203125,313.9770812988281,275.83819580078125,281.62091064453125,281.62091064453125,2317971593,295.1014709472656
2021-06-26,0.2908283745674961,0.4501746057943454,0.2374212692553625,72051515.5,1,281.1339416503906,289.9497985839844,264.60101318359375,279.43804931640625,279.43804931640625,1921847994,280.28599548339844
2021-06-27,0.2908283745674961,0.4501746057943454,0.2374212692553625,72051515.5,1,279.86529541015625,291.14892578125,270.2899169921875,290.5670166015625,290.5670166015625,1521388056,285.2161560058594
2021-06-28,0.2908283745674961,0.4501746057943454,0.2374212692553625,72051515.5,1,290.8186950683594,298.7206115722656,283.95184326171875,289.53411865234375,289.53411865234375,1722578691,290.17640686035156
2021-06-29,0.2908283745674961,0.4501746057943454,0.2374212692553625,72051515.5,1,289.91912841796875,315.4393310546875,289.2211608886719,300.2115478515625,300.2115478515625,1946428384,295.0653381347656
2021-06-30,0.2908283745674961,0.4501746057943454,0.2374212692553625,72051515.5,1,300.95880126953125,304.8013610839844,281.77801513671875,303.2958679199219,303.2958679199219,1903538448,302.12733459472656
2021-07-01,0.2908283745674961,0.4501746057943454,0.2374212692553625,72051515.5,1,303.5273742675781,303.5273742675781,281.5791320800781,288.2184143066406,288.2184143066406,1357794786,295.8728942871094
2021-07-02,0.3555205910724285,0.3720621610733046,0.2724172478542669,171856299.0,0,287.75445556640625,290.6216735839844,277.3503112792969,287.423095703125,287.423095703125,1133632645,287.5887756347656
2021-07-03,0.3334715421501691,0.3801310051622156,0.2863974526876152,176230918.0,0,287.2156066894531,302.6058654785156,283.43402099609375,298.23712158203125,298.23712158203125,1113777297,292.7263641357422
2021-07-04,0.4986367555023131,0.2817684906312928,0.219594753866394,256424655.0,0,298.1135559082031,314.7130126953125,292.7873840332031,307.7320861816406,307.7320861816406,1387395766,302.9228210449219
2021-07-05,0.4782713495753881,0.3012818376024739,0.220446812822138,270444477.0,0,307.6848449707031,307.6848449707031,293.5234680175781,302.37799072265625,302.37799072265625,1504869977,305.0314178466797
2021-07-06,0.2908283745674961,0.4501746057943454,0.2374212692553625,72051515.5,1,302.1955871582031,321.5209655761719,302.1955871582031,320.934814453125,320.934814453125,2203265498,311.56520080566406
2021-07-07,0.2908283745674961,0.4501746057943454,0.2374212692553625,72051515.5,1,320.1917724609375,339.16766357421875,318.52996826171875,327.5224609375,327.5224609375,2067233169,323.85711669921875
2021-07-08,0.2908283745674961,0.4501746057943454,0.2374212692553625,72051515.5,1,327.9578552246094,327.9578552246094,305.075439453125,310.4271240234375,310.4271240234375,1883785090,319.19248962402344
2021-07-09,0.2908283745674961,0.4501746057943454,0.2374212692553625,72051515.5,1,310.0102844238281,319.44390869140625,301.8282165527344,316.4845275878906,316.4845275878906,1358583891,313.2474060058594
2021-07-10,0.2908283745674961,0.4501746057943454,0.2374212692553625,72051515.5,1,316.9963073730469,320.93927001953125,310.88690185546875,316.14013671875,316.14013671875,1179686219,316.56822204589844
2021-07-11,0.2908283745674961,0.4501746057943454,0.2374212692553625,72051515.5,1,316.0563659667969,326.7518005371094,312.6390075683594,322.0316467285156,322.0316467285156,1189805384,319.04400634765625
2021-07-12,0.2908283745674961,0.4501746057943454,0.2374212692553625,72051515.5,1,322.034912109375,334.2820739746094,309.1420593261719,316.32818603515625,316.32818603515625,1614469810,319.1815490722656
2021-07-13,0.2908283745674961,0.4501746057943454,0.2374212692553625,72051515.5,1,316.2688903808594,318.2951354980469,305.4894104003906,308.8111572265625,308.8111572265625,1231759805,312.54002380371094
2021-07-14,0.2908283745674961,0.4501746057943454,0.2374212692553625,72051515.5,1,308.9526062011719,313.2157897949219,290.6623840332031,309.4063720703125,309.4063720703125,1646743038,309.1794891357422
2021-07-15,0.2908283745674961,0.4501746057943454,0.2374212692553625,72051515.5,1,309.5006408691406,323.8858947753906,301.65667724609375,315.2440185546875,315.2440185546875,2242114046,312.37232971191406
2021-07-16,0.363993583693586,0.1741611141333003,0.4618453021731136,115245743.0,0,315.69110107421875,322.9977722167969,301.9324951171875,302.985595703125,302.985595703125,1688212208,309.3383483886719
2021-07-17,0.3542258364822659,0.3403798708066641,0.30539429271107,135474480.0,0,302.9348449707031,306.5308532714844,295.3874816894531,300.4979248046875,300.4979248046875,1298507379,301.7163848876953
2021-07-18,0.2627692780050578,0.407165984928072,0.3300647370668702,196799772.0,0,300.5959777832031,309.1142578125,299.9722595214844,302.4804992675781,302.4804992675781,1254819647,301.5382385253906
2021-07-19,0.3099400634962216,0.2885436752832649,0.4015162612205133,301779531.0,0,302.2682189941406,303.8291931152344,279.7085266113281,280.01861572265625,280.01861572265625,1514754521,291.14341735839844
2021-07-20,0.2698350701717758,0.431234571959648,0.2989303578685762,445287434.0,0,280.5649719238281,283.2061462402344,255.8507537841797,264.7823791503906,264.7823791503906,1819454491,272.6736755371094
2021-07-21,0.2999094053232572,0.4184504943835651,0.2816401002931776,507954790.0,0,264.4947509765625,298.791748046875,261.22637939453125,292.5313720703125,292.5313720703125,1957623339,278.5130615234375
2021-07-22,0.3203447618273429,0.3674675905692321,0.3121876476034249,393480453.0,0,293.1426696777344,298.4039001464844,287.7333679199219,293.6411437988281,293.6411437988281,1495118544,293.39190673828125
2021-07-23,0.2330166540101709,0.4782908986935935,0.2886924472962356,557888755.0,0,293.601318359375,300.9937744140625,281.69610595703125,299.2829895019531,299.2829895019531,1849700307,296.44215393066406
2021-07-24,0.2876716309573334,0.4349548431681413,0.2773735258745252,213008411.0,0,299.0478515625,307.84051513671875,296.11151123046875,302.0718688964844,302.0718688964844,1644709273,300.5598602294922
2021-07-25,0.2123536478294054,0.5360653566077764,0.2515809955628181,63169374.0,0,301.84661865234375,304.0578918457031,292.890625,302.4361572265625,302.4361572265625,1351522797,302.1413879394531
2021-07-26,0.2916314162508789,0.4965348044713737,0.2118337792777473,156557255.0,0,302.7328796386719,327.6352844238281,301.097412109375,304.4782409667969,304.4782409667969,2572081528,303.6055603027344
2021-07-27,0.2107605766750196,0.5554420130819976,0.2337974102429827,95554061.0,0,304.124267578125,318.371826171875,298.4818115234375,313.60260009765625,313.60260009765625,1870220991,308.8634338378906
2021-07-28,0.1260899798033657,0.765071536805676,0.1088384833909582,179545758.0,0,314.05511474609375,318.4422912597656,308.22344970703125,313.42864990234375,313.42864990234375,1626648048,313.74188232421875
2021-07-29,0.1682021457239809,0.6550095502449811,0.1767883040310379,116417956.0,0,313.6192321777344,319.7590026855469,309.14453125,316.74945068359375,316.74945068359375,1384576144,315.18434143066406
2021-07-30,0.3177100478636431,0.402456184041305,0.2798337680950518,366879511.0,0,317.0640869140625,325.2501220703125,307.009765625,322.90936279296875,322.90936279296875,1588918308,319.9867248535156
2021-07-31,0.2908283745674961,0.4501746057943454,0.2374212692553625,72051515.5,1,322.53887939453125,338.025146484375,317.6859130859375,333.5495910644531,333.5495910644531,1717984015,328.0442352294922
2021-08-01,0.2908283745674961,0.4501746057943454,0.2374212692553625,72051515.5,1,332.2926940917969,347.4176025390625,329.34173583984375,333.4840087890625,333.4840087890625,1788390755,332.8883514404297
2021-08-02,0.2908283745674961,0.4501746057943454,0.2374212692553625,72051515.5,1,332.9232177734375,338.0423278808594,326.415283203125,331.1031188964844,331.1031188964844,1348495243,332.01316833496094
2021-08-03,0.2908283745674961,0.4501746057943454,0.2374212692553625,72051515.5,1,330.8720397949219,334.6349792480469,318.0628356933594,322.74774169921875,322.74774169921875,1365471563,326.8098907470703
2021-08-04,0.1278109972964671,0.4304526004695614,0.4417364022339713,11014107.0,0,323.5060729980469,336.96746826171875,320.041259765625,334.9187927246094,334.9187927246094,1279262186,329.2124328613281
2021-08-05,0.194030688725966,0.5470941994545586,0.2588751118194753,81949052.0,0,334.9127197265625,340.0484313964844,323.8970947265625,337.8738708496094,337.8738708496094,1551187442,336.39329528808594
2021-08-06,0.226616524247568,0.5924586045832461,0.1809248711691859,101464856.0,0,337.9479675292969,347.04296875,331.65966796875,342.1369934082031,342.1369934082031,1623970506,340.04248046875
2021-08-07,0.2238397856449221,0.5268267577535151,0.2493334566015627,59555762.0,0,342.3764343261719,359.7502136230469,340.5938415527344,355.7413635253906,355.7413635253906,1903003766,349.05889892578125
2021-08-08,0.2900253328841132,0.4118364690007319,0.2981381981151549,227077974.0,0,356.26654052734375,359.7386169433594,337.2527160644531,342.06475830078125,342.06475830078125,1547133821,349.1656494140625
2021-08-09,0.300726246322488,0.4270972772734241,0.2721764764040877,443028474.0,0,341.9162902832031,357.3993225097656,333.67144775390625,354.9668273925781,354.9668273925781,1648422571,348.4415588378906
2021-08-10,0.2908283745674961,0.4501746057943454,0.2374212692553625,72051515.5,1,354.4496154785156,375.7229309082031,349.3133239746094,371.9543762207031,371.9543762207031,2150475826,363.2019958496094
2021-08-11,0.2908283745674961,0.4501746057943454,0.2374212692553625,72051515.5,1,372.0937194824219,408.5890197753906,371.2162170410156,391.7570495605469,391.7570495605469,2542670896,381.9253845214844
2021-08-12,0.2908283745674961,0.4501746057943454,0.2374212692553625,72051515.5,1,391.4052734375,406.091552734375,372.22021484375,385.8189697265625,385.8189697265625,2217067872,388.61212158203125
2021-08-13,0.2908283745674961,0.4501746057943454,0.2374212692553625,72051515.5,1,386.0440673828125,411.1705322265625,383.2167663574219,410.94488525390625,410.94488525390625,1724229835,398.4944763183594
2021-08-14,0.285716238134048,0.3956541436465584,0.3186296182193935,103461358.0,0,410.7835388183594,418.9212646484375,400.7520446777344,409.03448486328125,409.03448486328125,2023364348,409.9090118408203
2021-08-15,0.2850302708794844,0.4590171591853104,0.2559525699352051,221706971.0,0,408.9822082519531,414.9309997558594,396.8652038574219,414.59503173828125,414.59503173828125,1826134192,411.7886199951172
2021-08-16,0.2691530344663785,0.455044574085121,0.2758023914485005,321411981.0,0,414.357666015625,436.618408203125,411.1232604980469,417.4708557128906,417.4708557128906,2620571467,415.9142608642578
2021-08-17,0.2449703465952054,0.4984198677343451,0.2566097856704494,333922363.0,0,416.0691223144531,435.72320556640625,399.74591064453125,401.9089050292969,401.9089050292969,2572609791,408.989013671875
2021-08-18,0.2486514655896156,0.5010535458446147,0.2502949885657696,302056623.0,0,401.8820495605469,412.3062438964844,387.8158874511719,398.25146484375,398.25146484375,2288117050,400.06675720214844
2021-08-19,0.2604582573060865,0.4984966144261711,0.2410451282677422,361940416.0,0,396.494384765625,431.2602233886719,391.49505615234375,430.9888610839844,430.9888610839844,2549215331,413.7416229248047
2021-08-20,0.26148570866404,0.5250726927550825,0.2134415985808775,361539468.0,0,430.97503662109375,457.6037292480469,422.0801696777344,454.9363098144531,454.9363098144531,2451578694,442.95567321777344
2021-08-21,0.3346282744267855,0.4088632468377804,0.2565084787354341,75121049.0,0,455.1333923339844,460.2557067871094,444.9776611328125,448.9202575683594,448.9202575683594,2120660728,452.0268249511719
2021-08-22,0.2908283745674961,0.4501746057943454,0.2374212692553625,72051515.5,1,449.2256164550781,458.40289306640625,439.168212890625,449.0534973144531,449.0534973144531,1826865701,449.1395568847656
2021-08-23,0.3648974732449151,0.3740377233511237,0.2610648034039611,130074340.0,0,449.10546875,509.34271240234375,447.6663818359375,499.8905944824219,499.8905944824219,3857489743,474.49803161621094
2021-08-24,0.3462307025380871,0.4488171845980184,0.2049521128638944,303167848.0,0,500.21771240234375,504.1023254394531,461.7559814453125,471.595458984375,471.595458984375,2978438301,485.9065856933594
2021-08-25,0.4102851282880835,0.389349904531491,0.2003649671804254,404889009.0,0,472.2020263671875,506.295166015625,470.63922119140625,502.7862548828125,502.7862548828125,3289398273,487.494140625
2021-08-26,0.4536025240751907,0.3650789254948795,0.1813185504299297,410633092.0,0,503.552490234375,518.75634765625,472.0317687988281,479.006103515625,479.006103515625,3277913533,491.279296875
2021-08-27,0.2908283745674961,0.4501746057943454,0.2374212692553625,72051515.5,1,478.6301574707031,495.0123291015625,467.90118408203125,494.4986877441406,494.4986877441406,2563319587,486.5644226074219
2021-08-28,0.2908283745674961,0.4501746057943454,0.2374212692553625,72051515.5,1,494.6706237792969,496.8854064941406,483.3242492675781,486.1969299316406,486.1969299316406,1676741698,490.43377685546875
2021-08-29,0.2908283745674961,0.4501746057943454,0.2374212692553625,72051515.5,1,486.2085876464844,495.6763000488281,477.2008056640625,480.28302001953125,480.28302001953125,1763538464,483.2458038330078
2021-08-30,0.2908283745674961,0.4501746057943454,0.2374212692553625,72051515.5,1,480.2899475097656,481.13165283203125,458.1532897949219,459.4907531738281,459.4907531738281,2007036766,469.8903503417969
2021-08-31,0.2908283745674961,0.4501746057943454,0.2374212692553625,72051515.5,1,460.6239929199219,477.2822265625,452.48516845703125,464.4187316894531,464.4187316894531,2378049328,462.5213623046875
2021-09-01,0.2908283745674961,0.4501746057943454,0.2374212692553625,72051515.5,1,464.2729187011719,490.0687255859375,455.7580871582031,490.0687255859375,490.0687255859375,2303587593,477.1708221435547
2021-09-02,0.2908283745674961,0.4501746057943454,0.2374212692553625,72051515.5,1,489.8598937988281,504.541259765625,480.0368957519531,483.9210510253906,483.9210510253906,2324361979,486.8904724121094
2021-09-03,0.2908283745674961,0.4501746057943454,0.2374212692553625,72051515.5,1,483.756591796875,494.39520263671875,475.22589111328125,488.6047058105469,488.6047058105469,2051522050,486.18064880371094
2021-09-04,0.2908283745674961,0.4501746057943454,0.2374212692553625,72051515.5,1,488.4070129394531,510.0576477050781,485.8561096191406,498.07843017578125,498.07843017578125,2310249697,493.2427215576172
2021-09-05,0.2908283745674961,0.4501746057943454,0.2374212692553625,72051515.5,1,497.7048645019531,505.11669921875,489.47491455078125,504.619873046875,504.619873046875,1899639214,501.16236877441406
2021-09-06,0.2908283745674961,0.4501746057943454,0.2374212692553625,72051515.5,1,504.6980895996094,508.8222351074219,488.678955078125,495.9250183105469,495.9250183105469,2206397359,500.3115539550781
2021-09-07,0.2908283745674961,0.4501746057943454,0.2374212692553625,72051515.5,1,496.0363464355469,504.6031494140625,372.3029479980469,417.5087890625,417.5087890625,4471687569,456.77256774902344
2021-09-08,0.2908283745674961,0.4501746057943454,0.2374212692553625,72051515.5,1,417.91888427734375,425.4935607910156,384.2314453125,415.1131591796875,415.1131591796875,2940929033,416.5160217285156
2021-09-09,0.2908283745674961,0.4501746057943454,0.2374212692553625,72051515.5,1,405.5805969238281,435.7174072265625,404.5211486816406,421.27001953125,421.27001953125,2392139922,413.42530822753906
2021-09-10,0.2883326609298745,0.4303622864446827,0.2813050526254427,227365973.0,0,421.2688903808594,438.92218017578125,394.0628356933594,401.6217956542969,401.6217956542969,2306735739,411.4453430175781
2021-09-11,0.2908283745674961,0.4501746057943454,0.2374212692553625,72051515.5,1,401.26348876953125,415.3570251464844,400.29925537109375,405.5273742675781,405.5273742675781,1567255682,403.3954315185547
2021-09-12,0.2908283745674961,0.4501746057943454,0.2374212692553625,72051515.5,1,405.399169921875,421.20758056640625,398.0321350097656,416.6832275390625,416.6832275390625,1671909230,411.04119873046875
2021-09-13,0.2908283745674961,0.4501746057943454,0.2374212692553625,72051515.5,1,416.7966003417969,419.2820129394531,385.37603759765625,399.0634460449219,399.0634460449219,2194763765,407.9300231933594
2021-09-14,0.2908283745674961,0.4501746057943454,0.2374212692553625,72051515.5,1,399.206787109375,414.3195495605469,396.41607666015625,414.2362365722656,414.2362365722656,1598465255,406.7215118408203
2021-09-15,0.2908283745674961,0.4501746057943454,0.2374212692553625,72051515.5,1,414.4934997558594,436.4163513183594,410.4539489746094,431.42303466796875,431.42303466796875,1838828414,422.95826721191406
2021-09-16,0.2908283745674961,0.4501746057943454,0.2374212692553625,72051515.5,1,431.29058837890625,433.1927795410156,416.1762390136719,424.64923095703125,424.64923095703125,1720989872,427.96990966796875
2021-09-17,0.2908283745674961,0.4501746057943454,0.2374212692553625,72051515.5,1,424.403564453125,425.7662353515625,401.842041015625,406.6328125,406.6328125,1516642578,415.5181884765625
2021-09-18,0.2908283745674961,0.4501746057943454,0.2374212692553625,72051515.5,1,406.4624328613281,420.0019836425781,401.7784423828125,410.8092956542969,410.8092956542969,1310349981,408.6358642578125
2021-09-19,0.2908283745674961,0.4501746057943454,0.2374212692553625,72051515.5,1,410.6031188964844,419.1825866699219,403.7186279296875,408.4716491699219,408.4716491699219,1243314915,409.5373840332031
2021-09-20,0.2908283745674961,0.4501746057943454,0.2374212692553625,72051515.5,1,408.5135498046875,409.643310546875,357.2733154296875,361.9659118652344,361.9659118652344,2344102082,385.23973083496094
2021-09-21,0.2908283745674961,0.4501746057943454,0.2374212692553625,72051515.5,1,364.05352783203125,375.6661071777344,339.01434326171875,344.53460693359375,344.53460693359375,2045164899,354.2940673828125
2021-09-22,0.2908283745674961,0.4501746057943454,0.2374212692553625,72051515.5,1,343.6654052734375,380.0084533691406,342.6800537109375,379.4403381347656,379.4403381347656,1678913732,361.55287170410156
2021-09-23,0.2908283745674961,0.4501746057943454,0.2374212692553625,72051515.5,1,379.1556701660156,384.7772216796875,369.6520080566406,383.8204040527344,383.8204040527344,1576382603,381.488037109375
2021-09-24,0.2908283745674961,0.4501746057943454,0.2374212692553625,72051515.5,1,383.8063049316406,385.31927490234375,335.5061950683594,355.3162841796875,355.3162841796875,2081157733,369.56129455566406
2021-09-25,0.2908283745674961,0.4501746057943454,0.2374212692553625,72051515.5,1,355.4073791503906,360.63006591796875,344.19091796875,349.8800964355469,349.8800964355469,1388464569,352.64373779296875
2021-09-26,0.2908283745674961,0.4501746057943454,0.2374212692553625,72051515.5,1,349.88067626953125,352.6981506347656,320.3687438964844,344.1817626953125,344.1817626953125,1958526741,347.0312194824219
2021-09-27,0.2908283745674961,0.4501746057943454,0.2374212692553625,72051515.5,1,344.6517028808594,357.2929992675781,335.79046630859375,336.19122314453125,336.19122314453125,1507056912,340.4214630126953
2021-09-28,0.2908283745674961,0.4501746057943454,0.2374212692553625,72051515.5,1,335.80755615234375,344.27557373046875,330.0738525390625,333.0325927734375,333.0325927734375,1294330921,334.4200744628906
2021-09-29,0.2908283745674961,0.4501746057943454,0.2374212692553625,72051515.5,1,333.3979187011719,375.0068664550781,331.4485168457031,367.9895935058594,367.9895935058594,2385693434,350.6937561035156
2021-09-30,0.2908283745674961,0.4501746057943454,0.2374212692553625,72051515.5,1,367.7860107421875,388.2687683105469,366.6442565917969,387.0573425292969,387.0573425292969,1796235646,377.4216766357422
2021-10-01,0.2908283745674961,0.4501746057943454,0.2374212692553625,72051515.5,1,387.635986328125,423.3442687988281,382.1313781738281,421.6431884765625,421.6431884765625,2162493378,404.63958740234375
2021-10-02,0.2908283745674961,0.4501746057943454,0.2374212692553625,72051515.5,1,421.4770812988281,438.1070251464844,411.038330078125,428.09832763671875,428.09832763671875,1740937420,424.78770446777344
2021-10-03,0.2908283745674961,0.4501746057943454,0.2374212692553625,72051515.5,1,427.3511047363281,437.1003723144531,421.9388732910156,430.5088195800781,430.5088195800781,1470899248,428.9299621582031
2021-10-04,0.2908283745674961,0.4501746057943454,0.2374212692553625,72051515.5,1,430.5845031738281,430.7255859375,411.9521484375,425.7489013671875,425.7489013671875,1647171955,428.1667022705078
2021-10-05,0.2908283745674961,0.4501746057943454,0.2374212692553625,72051515.5,1,426.2142028808594,443.91424560546875,424.1143493652344,442.7061462402344,442.7061462402344,1526827785,434.4601745605469
2021-10-06,0.2908283745674961,0.4501746057943454,0.2374212692553625,72051515.5,1,442.40625,442.47930908203125,415.667724609375,435.4013671875,435.4013671875,2006344571,438.90380859375
2021-10-07,0.2908283745674961,0.4501746057943454,0.2374212692553625,72051515.5,1,434.9619140625,449.9358825683594,424.3091735839844,438.7617492675781,438.7617492675781,1962989705,436.86183166503906
2021-10-08,0.2908283745674961,0.4501746057943454,0.2374212692553625,72051515.5,1,438.4752502441406,441.5137939453125,416.7060241699219,419.10205078125,419.10205078125,2678048368,428.7886505126953
2021-10-09,0.2908283745674961,0.4501746057943454,0.2374212692553625,72051515.5,1,418.7559814453125,425.9748229980469,416.8238525390625,421.5494689941406,421.5494689941406,1404867667,420.15272521972656
2021-10-10,0.2908283745674961,0.4501746057943454,0.2374212692553625,72051515.5,1,421.7956848144531,422.0504150390625,402.8292541503906,405.0693054199219,405.0693054199219,1437068558,413.4324951171875
2021-10-11,0.2908283745674961,0.4501746057943454,0.2374212692553625,72051515.5,1,404.5274658203125,423.55010986328125,401.22125244140625,413.4562072753906,413.4562072753906,1473121389,408.99183654785156
2021-10-12,0.2908283745674961,0.4501746057943454,0.2374212692553625,72051515.5,1,413.48675537109375,443.8675231933594,392.5707702636719,443.8675231933594,443.8675231933594,3142304145,428.67713928222656
2021-10-13,0.2908283745674961,0.4501746057943454,0.2374212692553625,72051515.5,1,444.4056396484375,471.65692138671875,434.4466247558594,470.74969482421875,470.74969482421875,5149146903,457.5776672363281
2021-10-14,0.2908283745674961,0.4501746057943454,0.2374212692553625,72051515.5,1,470.5386657714844,482.6448669433594,461.8553466796875,472.02239990234375,472.02239990234375,2486819344,471.28053283691406
2021-10-15,0.2908283745674961,0.4501746057943454,0.2374212692553625,72051515.5,1,472.60040283203125,476.7559509277344,453.90008544921875,473.70263671875,473.70263671875,2804538828,473.1515197753906
2021-10-16,0.2908283745674961,0.4501746057943454,0.2374212692553625,72051515.5,1,473.99468994140625,483.55780029296875,463.511474609375,465.6424560546875,465.6424560546875,1904086807,469.8185729980469
2021-10-17,0.2908283745674961,0.4501746057943454,0.2374212692553625,72051515.5,1,465.72210693359375,472.2980041503906,455.4051818847656,470.62554931640625,470.62554931640625,1646437501,468.173828125
2021-10-18,0.3786512046865224,0.3709362326379443,0.2504125626755333,284908226.0,0,470.9144287109375,487.49969482421875,467.58477783203125,485.11102294921875,485.11102294921875,1999805026,478.0127258300781
